,associationByDatasourceDirect,associationByDatasourceIndirect,associationByDatatypeDirect,associationByDatatypeIndirect,associationByOverallDirect,associationByOverallIndirect,association_by_datasource_direct,association_by_datasource_indirect,association_by_datatype_direct,association_by_datatype_indirect,association_by_overall_indirect,association_overall_direct,baselineExpression,biosample,colocalisation_coloc,colocalisation_ecaviar,credible_set,disease,diseaseToPhenotype,disease_hpo,disease_phenotype,diseases,drugWarnings,drug_indication,drug_mechanism_of_action,drug_molecule,drug_warning,evidence,expression,expressionSpecificity,go,hpo,indication,interaction,interactionEvidence,interaction_evidence,knownDrugsAggregated,known_drug,l2g_prediction,literature,literature_vector,mechanismOfAction,molecule,mousePhenotypes,mouse_phenotype,openfda_significant_adverse_drug_reactions,openfda_significant_adverse_target_reactions,ot_release,pharmacogenomics,reactome,significantAdverseDrugReactions,so,study,target,targetEssentiality,targetPrioritisation,target_essentiality,target_prioritisation,targets,targetsPriorisation,variant
column_names,"['datatypeId' 'datasourceId' 'diseaseId' 'targetId' 'score'
 'evidenceCount']","['datatypeId' 'datasourceId' 'diseaseId' 'targetId' 'score'
 'evidenceCount']",['diseaseId' 'targetId' 'datatypeId' 'score' 'evidenceCount'],['diseaseId' 'targetId' 'datatypeId' 'score' 'evidenceCount'],['diseaseId' 'targetId' 'score' 'evidenceCount'],['diseaseId' 'targetId' 'score' 'evidenceCount'],"['datatypeId' 'datasourceId' 'diseaseId' 'targetId' 'score'
 'evidenceCount']","['datatypeId' 'datasourceId' 'diseaseId' 'targetId' 'score'
 'evidenceCount']",['diseaseId' 'targetId' 'datatypeId' 'score' 'evidenceCount'],['diseaseId' 'targetId' 'datatypeId' 'score' 'evidenceCount'],['diseaseId' 'targetId' 'score' 'evidenceCount'],['diseaseId' 'targetId' 'score' 'evidenceCount'],['id' 'tissues'],"['biosampleId' 'biosampleName' 'description' 'xrefs' 'synonyms' 'parents'
 'ancestors' 'children' 'descendants']","['leftStudyLocusId' 'rightStudyLocusId' 'chromosome' 'rightStudyType'
 'numberColocalisingVariants' 'h0' 'h1' 'h2' 'h3' 'h4'
 'colocalisationMethod' 'betaRatioSignAverage']","['leftStudyLocusId' 'rightStudyLocusId' 'chromosome' 'rightStudyType'
 'numberColocalisingVariants' 'clpp' 'colocalisationMethod'
 'betaRatioSignAverage']","['studyLocusId' 'studyId' 'variantId' 'chromosome' 'position' 'region'
 'beta' 'zScore' 'pValueMantissa' 'pValueExponent'
 'effectAlleleFrequencyFromSource' 'standardError' 'subStudyDescription'
 'qualityControls' 'finemappingMethod' 'credibleSetIndex'
 'credibleSetlog10BF' 'purityMeanR2' 'purityMinR2' 'locusStart' 'locusEnd'
 'sampleSize' 'ldSet' 'locus' 'confidence' 'studyType' 'isTransQtl']","['id' 'code' 'name' 'description' 'dbXRefs' 'parents' 'synonyms'
 'obsoleteTerms' 'obsoleteXRefs' 'children' 'ancestors' 'therapeuticAreas'
 'descendants' 'ontology']",['disease' 'phenotype' 'evidence'],['id' 'name' 'description' 'dbXRefs' 'parents' 'obsoleteTerms'],['disease' 'phenotype' 'evidence'],"['id' 'code' 'dbXRefs' 'description' 'name' 'directLocationIds'
 'obsoleteTerms' 'parents' 'synonyms' 'ancestors' 'descendants' 'children'
 'therapeuticAreas' 'indirectLocationIds' 'ontology']","['chemblIds' 'toxicityClass' 'country' 'description' 'id' 'references'
 'warningType' 'year' 'efo_term' 'efo_id' 'efo_id_for_warning_class']",['id' 'indications' 'approvedIndications' 'indicationCount'],"['actionType' 'mechanismOfAction' 'chemblIds' 'targetName' 'targetType'
 'targets' 'references']","['id' 'canonicalSmiles' 'inchiKey' 'drugType' 'blackBoxWarning' 'name'
 'yearOfFirstApproval' 'maximumClinicalTrialPhase' 'parentId'
 'hasBeenWithdrawn' 'isApproved' 'tradeNames' 'synonyms' 'crossReferences'
 'childChemblIds' 'linkedDiseases' 'linkedTargets' 'description']","['chemblIds' 'toxicityClass' 'country' 'description' 'id' 'references'
 'warningType' 'year' 'efo_term' 'efo_id' 'efo_id_for_warning_class']","['datasourceId' 'targetId' 'alleleOrigins' 'allelicRequirements'
 'ancestry' 'ancestryId' 'beta' 'betaConfidenceIntervalLower'
 'betaConfidenceIntervalUpper' 'biologicalModelAllelicComposition'
 'biologicalModelGeneticBackground' 'biologicalModelId' 'biomarkerName'
 'biomarkers' 'biosamplesFromSource' 'cellType' 'clinicalPhase'
 'clinicalSignificances' 'clinicalStatus' 'cohortDescription' 'cohortId'
 'cohortPhenotypes' 'cohortShortName' 'confidence' 'contrast'
 'crisprScreenLibrary' 'datatypeId' 'diseaseCellLines' 'diseaseFromSource'
 'diseaseFromSourceId' 'diseaseFromSourceMappedId'
 'diseaseModelAssociatedHumanPhenotypes'
 'diseaseModelAssociatedModelPhenotypes' 'drugFromSource' 'drugId'
 'drugResponse' 'geneticBackground' 'literature'
 'log2FoldChangePercentileRank' 'log2FoldChangeValue' 'mutatedSamples'
 'oddsRatio' 'oddsRatioConfidenceIntervalLower'
 'oddsRatioConfidenceIntervalUpper' 'pValueExponent' 'pValueMantissa'
 'pathways' 'projectId' 'reactionId' 'reactionName' 'releaseDate'
 'releaseVersion' 'resourceScore' 'sex' 'significantDriverMethods'
 'statisticalMethod' 'statisticalMethodOverview' 'statisticalTestTail'
 'studyCases' 'studyCasesWithQualifyingVariants' 'studyId' 'studyOverview'
 'studySampleSize' 'studyStartDate' 'studyStopReason'
 'studyStopReasonCategories' 'targetFromSource' 'targetFromSourceId'
 'targetInModel' 'targetInModelEnsemblId' 'targetInModelMgiId'
 'targetModulation' 'urls' 'variantAminoacidDescriptions'
 'variantFromSourceId' 'variantFunctionalConsequenceId' 'variantHgvsId'
 'variantId' 'variantRsId' 'pmcIds' 'publicationYear' 'studyLocusId'
 'textMiningSentences' 'diseaseId' 'id' 'score' 'variantEffect'
 'directionOnTrait']",['id' 'tissues'],['ensemblGeneId' 'expression' 'expressionSpecificity'],['id' 'name'],"['dbXRefs' 'description' 'id' 'name' 'namespace' 'obsolete_terms'
 'parents']",['id' 'indications' 'approvedIndications' 'indicationCount'],"['sourceDatabase' 'targetA' 'intA' 'intABiologicalRole' 'targetB' 'intB'
 'intBBiologicalRole' 'speciesA' 'speciesB' 'count' 'scoring']","['hostOrganismTissue' 'targetB' 'evidenceScore' 'intBBiologicalRole'
 'interactionResources' 'interactionTypeMiIdentifier'
 'interactionDetectionMethodShortName' 'intA' 'intBSource' 'speciesB'
 'interactionIdentifier' 'hostOrganismTaxId' 'participantDetectionMethodA'
 'expansionMethodShortName' 'speciesA' 'intASource' 'intB' 'pubmedId'
 'intABiologicalRole' 'hostOrganismScientificName' 'interactionScore'
 'interactionTypeShortName' 'expansionMethodMiIdentifier' 'targetA'
 'participantDetectionMethodB' 'interactionDetectionMethodMiIdentifier']","['hostOrganismScientificName' 'hostOrganismTaxId'
 'expansionMethodShortName' 'targetB' 'evidenceScore'
 'participantDetectionMethodB' 'intBBiologicalRole' 'interactionResources'
 'interactionDetectionMethodShortName' 'intA' 'intBSource'
 'interactionTypeMiIdentifier' 'expansionMethodMiIdentifier' 'speciesB'
 'interactionIdentifier' 'speciesA' 'intASource' 'hostOrganismTissue'
 'intB' 'pubmedId' 'intABiologicalRole' 'participantDetectionMethodA'
 'interactionScore' 'interactionTypeShortName' 'targetA'
 'interactionDetectionMethodMiIdentifier']","['drugId' 'targetId' 'diseaseId' 'phase' 'status' 'urls' 'ancestors'
 'label' 'approvedSymbol' 'approvedName' 'targetClass' 'prefName'
 'tradeNames' 'synonyms' 'drugType' 'mechanismOfAction' 'targetName']","['drugId' 'targetId' 'diseaseId' 'phase' 'status' 'urls' 'ancestors'
 'label' 'approvedSymbol' 'approvedName' 'targetClass' 'prefName'
 'tradeNames' 'synonyms' 'drugType' 'mechanismOfAction' 'targetName']",['studyLocusId' 'geneId' 'score' 'features' 'shapBaseValue'],"['pmid' 'pmcid' 'date' 'year' 'month' 'day' 'keywordId' 'relevance'
 'keywordType']",['category' 'word' 'norm' 'vector'],"['actionType' 'mechanismOfAction' 'chemblIds' 'targetName' 'targetType'
 'targets' 'references']","['id' 'canonicalSmiles' 'inchiKey' 'drugType' 'blackBoxWarning' 'name'
 'yearOfFirstApproval' 'maximumClinicalTrialPhase' 'parentId'
 'hasBeenWithdrawn' 'isApproved' 'tradeNames' 'synonyms' 'crossReferences'
 'childChemblIds' 'linkedDiseases' 'linkedTargets' 'description']","['biologicalModels' 'modelPhenotypeClasses' 'modelPhenotypeId'
 'modelPhenotypeLabel' 'targetFromSourceId' 'targetInModel'
 'targetInModelEnsemblId' 'targetInModelMgiId']","['biologicalModels' 'modelPhenotypeClasses' 'modelPhenotypeId'
 'modelPhenotypeLabel' 'targetFromSourceId' 'targetInModel'
 'targetInModelEnsemblId' 'targetInModelMgiId']",['chembl_id' 'event' 'count' 'llr' 'critval' 'meddraCode'],['targetId' 'event' 'count' 'llr' 'critval' 'meddraCode'],['release'],"['datasourceId' 'datasourceVersion' 'datatypeId' 'directionality'
 'evidenceLevel' 'genotype' 'genotypeAnnotationText' 'genotypeId'
 'haplotypeFromSourceId' 'haplotypeId' 'literature' 'pgxCategory'
 'phenotypeFromSourceId' 'phenotypeText' 'studyId' 'targetFromSourceId'
 'variantFunctionalConsequenceId' 'variantRsId' 'variantId'
 'isDirectTarget' 'drugs']",['id' 'label' 'ancestors' 'descendants' 'children' 'parents' 'path'],['chembl_id' 'event' 'count' 'llr' 'critval' 'meddraCode'],['id' 'label'],"['studyId' 'geneId' 'projectId' 'studyType' 'traitFromSource'
 'traitFromSourceMappedIds' 'biosampleFromSourceId' 'pubmedId'
 'publicationTitle' 'publicationFirstAuthor' 'publicationDate'
 'publicationJournal' 'backgroundTraitFromSourceMappedIds'
 'initialSampleSize' 'nCases' 'nControls' 'nSamples' 'cohorts'
 'ldPopulationStructure' 'discoverySamples' 'replicationSamples'
 'qualityControls' 'analysisFlags' 'summarystatsLocation' 'hasSumstats'
 'condition' 'sumstatQCValues' 'diseaseIds' 'backgroundDiseaseIds'
 'biosampleId']","['id' 'approvedSymbol' 'biotype' 'transcriptIds' 'canonicalTranscript'
 'canonicalExons' 'genomicLocation' 'alternativeGenes' 'approvedName' 'go'
 'hallmarks' 'synonyms' 'symbolSynonyms' 'nameSynonyms'
 'functionDescriptions' 'subcellularLocations' 'targetClass'
 'obsoleteSymbols' 'obsoleteNames' 'constraint' 'tep' 'proteinIds'
 'dbXrefs' 'chemicalProbes' 'homologues' 'tractability'
 'safetyLiabilities' 'pathways' 'tss']",['id' 'geneEssentiality'],"['targetId' 'isInMembrane' 'isSecreted' 'hasSafetyEvent' 'hasPocket'
 'hasLigand' 'hasSmallMoleculeBinder' 'geneticConstraint'
 'paralogMaxIdentityPercentage' 'mouseOrthologMaxIdentityPercentage'
 'isCancerDriverGene' 'hasTEP' 'mouseKOScore'
 'hasHighQualityChemicalProbes' 'maxClinicalTrialPhase'
 'tissueSpecificity' 'tissueDistribution']",['id' 'geneEssentiality'],"['targetId' 'isInMembrane' 'isSecreted' 'hasSafetyEvent' 'hasPocket'
 'hasLigand' 'hasSmallMoleculeBinder' 'geneticConstraint'
 'paralogMaxIdentityPercentage' 'mouseOrthologMaxIdentityPercentage'
 'isCancerDriverGene' 'hasTEP' 'mouseKOScore'
 'hasHighQualityChemicalProbes' 'maxClinicalTrialPhase'
 'tissueSpecificity' 'tissueDistribution']","['id' 'approvedSymbol' 'biotype' 'transcriptIds' 'canonicalTranscript'
 'canonicalExons' 'genomicLocation' 'alternativeGenes' 'approvedName' 'go'
 'hallmarks' 'synonyms' 'symbolSynonyms' 'nameSynonyms'
 'functionDescriptions' 'subcellularLocations' 'targetClass'
 'obsoleteSymbols' 'obsoleteNames' 'constraint' 'tep' 'proteinIds'
 'dbXrefs' 'chemicalProbes' 'homologues' 'tractability'
 'safetyLiabilities' 'pathways']","['targetId' 'isInMembrane' 'isSecreted' 'hasSafetyEvent' 'hasPocket'
 'hasLigand' 'geneticConstraint' 'paralogMaxIdentityPercentage'
 'mouseOrthologMaxIdentityPercentage' 'isCancerDriverGene' 'hasTEP'
 'hasMouseKO' 'hasHighQualityChemicalProbes' 'maxClinicalTrialPhase'
 'tissueSpecificity' 'tissueDistribution']","['variantId' 'chromosome' 'position' 'referenceAllele' 'alternateAllele'
 'variantEffect' 'mostSevereConsequenceId' 'transcriptConsequences'
 'rsIds' 'hgvsId' 'alleleFrequencies' 'dbXrefs' 'variantDescription']"
column_types,['STRING' 'STRING' 'STRING' 'STRING' 'FLOAT64' 'INT64'],['STRING' 'STRING' 'STRING' 'STRING' 'FLOAT64' 'INT64'],['STRING' 'STRING' 'STRING' 'FLOAT64' 'INT64'],['STRING' 'STRING' 'STRING' 'FLOAT64' 'INT64'],['STRING' 'STRING' 'FLOAT64' 'INT64'],['STRING' 'STRING' 'FLOAT64' 'INT64'],['STRING' 'STRING' 'STRING' 'STRING' 'FLOAT64' 'INT64'],['STRING' 'STRING' 'STRING' 'STRING' 'FLOAT64' 'INT64'],['STRING' 'STRING' 'STRING' 'FLOAT64' 'INT64'],['STRING' 'STRING' 'STRING' 'FLOAT64' 'INT64'],['STRING' 'STRING' 'FLOAT64' 'INT64'],['STRING' 'STRING' 'FLOAT64' 'INT64'],"['STRING'
 'STRUCT<list ARRAY<STRUCT<element STRUCT<efo_code STRING, label STRING, organs STRUCT<list ARRAY<STRUCT<element STRING>>>, anatomical_systems STRUCT<list ARRAY<STRUCT<element STRING>>>, rna STRUCT<value FLOAT64, zscore INT64, level INT64, unit STRING>, protein STRUCT<reliability BOOL, level INT64, cell_type STRUCT<list ARRAY<STRUCT<element STRUCT<name STRING, reliability BOOL, level INT64>>>>>>>>>']","['STRING' 'STRING' 'STRING' 'STRUCT<list ARRAY<STRUCT<element STRING>>>'
 'STRUCT<list ARRAY<STRUCT<element STRING>>>'
 'STRUCT<list ARRAY<STRUCT<element STRING>>>'
 'STRUCT<list ARRAY<STRUCT<element STRING>>>'
 'STRUCT<list ARRAY<STRUCT<element STRING>>>'
 'STRUCT<list ARRAY<STRUCT<element STRING>>>']","['STRING' 'STRING' 'STRING' 'STRING' 'INT64' 'FLOAT64' 'FLOAT64' 'FLOAT64'
 'FLOAT64' 'FLOAT64' 'STRING' 'FLOAT64']",['STRING' 'STRING' 'STRING' 'STRING' 'INT64' 'FLOAT64' 'STRING' 'FLOAT64'],"['STRING' 'STRING' 'STRING' 'STRING' 'INT64' 'STRING' 'FLOAT64' 'FLOAT64'
 'FLOAT64' 'INT64' 'FLOAT64' 'FLOAT64' 'STRING'
 'STRUCT<list ARRAY<STRUCT<element STRING>>>' 'STRING' 'INT64' 'FLOAT64'
 'FLOAT64' 'FLOAT64' 'INT64' 'INT64' 'INT64'
 'STRUCT<list ARRAY<STRUCT<element STRUCT<tagVariantId STRING, r2Overall FLOAT64>>>>'
 'STRUCT<list ARRAY<STRUCT<element STRUCT<is95CredibleSet BOOL, is99CredibleSet BOOL, logBF FLOAT64, posteriorProbability FLOAT64, variantId STRING, pValueMantissa FLOAT64, pValueExponent INT64, beta FLOAT64, standardError FLOAT64, r2Overall FLOAT64>>>>'
 'STRING' 'STRING' 'BOOL']","['STRING' 'STRING' 'STRING' 'STRING'
 'STRUCT<list ARRAY<STRUCT<element STRING>>>'
 'STRUCT<list ARRAY<STRUCT<element STRING>>>'
 'STRUCT<hasExactSynonym STRUCT<list ARRAY<STRUCT<element STRING>>>, hasRelatedSynonym STRUCT<list ARRAY<STRUCT<element STRING>>>, hasNarrowSynonym STRUCT<list ARRAY<STRUCT<element STRING>>>, hasBroadSynonym STRUCT<list ARRAY<STRUCT<element STRING>>>>'
 'STRUCT<list ARRAY<STRUCT<element STRING>>>'
 'STRUCT<list ARRAY<STRUCT<element STRING>>>'
 'STRUCT<list ARRAY<STRUCT<element STRING>>>'
 'STRUCT<list ARRAY<STRUCT<element STRING>>>'
 'STRUCT<list ARRAY<STRUCT<element STRING>>>'
 'STRUCT<list ARRAY<STRUCT<element STRING>>>'
 'STRUCT<isTherapeuticArea BOOL, leaf BOOL, sources STRUCT<url STRING, name STRING>>']","['STRING' 'STRING'
 'STRUCT<list ARRAY<STRUCT<element STRUCT<aspect STRING, bioCuration STRING, diseaseFromSourceId STRING, diseaseFromSource STRING, diseaseName STRING, evidenceType STRING, frequency STRING, modifiers STRUCT<list ARRAY<STRUCT<element STRING>>>, onset STRUCT<list ARRAY<STRUCT<element STRING>>>, qualifier STRING, qualifierNot BOOL, references STRUCT<list ARRAY<STRUCT<element STRING>>>, sex STRING, resource STRING>>>>']","['STRING' 'STRING' 'STRING' 'STRUCT<list ARRAY<STRUCT<element STRING>>>'
 'STRUCT<list ARRAY<STRUCT<element STRING>>>'
 'STRUCT<list ARRAY<STRUCT<element STRING>>>']","['STRING' 'STRING'
 'STRUCT<list ARRAY<STRUCT<element STRUCT<aspect STRING, bioCuration STRING, diseaseFromSourceId STRING, diseaseFromSource STRING, diseaseName STRING, evidenceType STRING, frequency STRING, modifiers STRUCT<list ARRAY<STRUCT<element STRING>>>, onset STRUCT<list ARRAY<STRUCT<element STRING>>>, qualifier STRING, qualifierNot BOOL, references STRUCT<list ARRAY<STRUCT<element STRING>>>, sex STRING, resource STRING>>>>']","['STRING' 'STRING' 'STRUCT<list ARRAY<STRUCT<element STRING>>>' 'STRING'
 'STRING' 'STRUCT<list ARRAY<STRUCT<element STRING>>>'
 'STRUCT<list ARRAY<STRUCT<element STRING>>>'
 'STRUCT<list ARRAY<STRUCT<element STRING>>>'
 'STRUCT<hasBroadSynonym STRUCT<list ARRAY<STRUCT<element STRING>>>, hasExactSynonym STRUCT<list ARRAY<STRUCT<element STRING>>>, hasNarrowSynonym STRUCT<list ARRAY<STRUCT<element STRING>>>, hasRelatedSynonym STRUCT<list ARRAY<STRUCT<element STRING>>>>'
 'STRUCT<list ARRAY<STRUCT<element STRING>>>'
 'STRUCT<list ARRAY<STRUCT<element STRING>>>'
 'STRUCT<list ARRAY<STRUCT<element STRING>>>'
 'STRUCT<list ARRAY<STRUCT<element STRING>>>'
 'STRUCT<list ARRAY<STRUCT<element STRING>>>'
 'STRUCT<isTherapeuticArea BOOL, leaf BOOL, sources STRUCT<url STRING, name STRING>>']","['STRUCT<list ARRAY<STRUCT<element STRING>>>' 'STRING' 'STRING' 'STRING'
 'INT64'
 'STRUCT<list ARRAY<STRUCT<element STRUCT<ref_id STRING, ref_type STRING, ref_url STRING>>>>'
 'STRING' 'INT64' 'STRING' 'STRING' 'STRING']","['STRING'
 'STRUCT<list ARRAY<STRUCT<element STRUCT<disease STRING, efoName STRING, references STRUCT<list ARRAY<STRUCT<element STRUCT<source STRING, ids STRUCT<list ARRAY<STRUCT<element STRING>>>>>>>, maxPhaseForIndication FLOAT64>>>>'
 'STRUCT<list ARRAY<STRUCT<element STRING>>>' 'INT64']","['STRING' 'STRING' 'STRUCT<list ARRAY<STRUCT<element STRING>>>' 'STRING'
 'STRING' 'STRUCT<list ARRAY<STRUCT<element STRING>>>'
 'STRUCT<list ARRAY<STRUCT<element STRUCT<source STRING, ids STRUCT<list ARRAY<STRUCT<element STRING>>>, urls STRUCT<list ARRAY<STRUCT<element STRING>>>>>>>']","['STRING' 'STRING' 'STRING' 'STRING' 'BOOL' 'STRING' 'INT64' 'FLOAT64'
 'STRING' 'BOOL' 'BOOL' 'STRUCT<list ARRAY<STRUCT<element STRING>>>'
 'STRUCT<list ARRAY<STRUCT<element STRING>>>'
 'STRUCT<key_value ARRAY<STRUCT<key STRING, value STRUCT<list ARRAY<STRUCT<element STRING>>>>>>'
 'STRUCT<list ARRAY<STRUCT<element STRING>>>'
 'STRUCT<`rows` STRUCT<list ARRAY<STRUCT<element STRING>>>, count INT64>'
 'STRUCT<`rows` STRUCT<list ARRAY<STRUCT<element STRING>>>, count INT64>'
 'STRING']","['STRUCT<list ARRAY<STRUCT<element STRING>>>' 'STRING' 'STRING' 'STRING'
 'INT64'
 'STRUCT<list ARRAY<STRUCT<element STRUCT<ref_id STRING, ref_type STRING, ref_url STRING>>>>'
 'STRING' 'INT64' 'STRING' 'STRING' 'STRING']","['STRING' 'STRING' 'STRUCT<list ARRAY<STRUCT<element STRING>>>'
 'STRUCT<list ARRAY<STRUCT<element STRING>>>' 'STRING' 'STRING' 'FLOAT64'
 'FLOAT64' 'FLOAT64' 'STRING' 'STRING' 'STRING' 'STRING'
 'STRUCT<geneExpression STRUCT<list ARRAY<STRUCT<element STRUCT<id STRING, name STRING>>>>, geneticVariation STRUCT<list ARRAY<STRUCT<element STRUCT<functionalConsequenceId STRING, id STRING, name STRING>>>>>'
 'STRUCT<list ARRAY<STRUCT<element STRING>>>' 'STRING' 'FLOAT64'
 'STRUCT<list ARRAY<STRUCT<element STRING>>>' 'STRING' 'STRING' 'STRING'
 'STRUCT<list ARRAY<STRUCT<element STRING>>>' 'STRING' 'STRING' 'STRING'
 'STRING' 'STRING'
 'STRUCT<list ARRAY<STRUCT<element STRUCT<id STRING, name STRING, tissue STRING, tissueId STRING>>>>'
 'STRING' 'STRING' 'STRING'
 'STRUCT<list ARRAY<STRUCT<element STRUCT<id STRING, label STRING>>>>'
 'STRUCT<list ARRAY<STRUCT<element STRUCT<id STRING, label STRING>>>>'
 'STRING' 'STRING' 'STRING' 'STRING'
 'STRUCT<list ARRAY<STRUCT<element STRING>>>' 'INT64' 'FLOAT64'
 'STRUCT<list ARRAY<STRUCT<element STRUCT<functionalConsequenceId STRING, numberMutatedSamples FLOAT64, numberSamplesTested FLOAT64, numberSamplesWithMutationType INT64>>>>'
 'FLOAT64' 'FLOAT64' 'FLOAT64' 'INT64' 'FLOAT64'
 'STRUCT<list ARRAY<STRUCT<element STRUCT<id STRING, name STRING>>>>'
 'STRING' 'STRING' 'STRING' 'STRING' 'STRING' 'FLOAT64'
 'STRUCT<list ARRAY<STRUCT<element STRING>>>'
 'STRUCT<list ARRAY<STRUCT<element STRING>>>' 'STRING' 'STRING' 'STRING'
 'INT64' 'INT64' 'STRING' 'STRING' 'INT64' 'STRING' 'STRING'
 'STRUCT<list ARRAY<STRUCT<element STRING>>>' 'STRING' 'STRING' 'STRING'
 'STRING' 'STRING' 'STRING'
 'STRUCT<list ARRAY<STRUCT<element STRUCT<niceName STRING, url STRING>>>>'
 'STRUCT<list ARRAY<STRUCT<element STRING>>>' 'STRING' 'STRING' 'STRING'
 'STRING' 'STRING' 'STRUCT<list ARRAY<STRUCT<element STRING>>>' 'INT64'
 'STRING'
 'STRUCT<list ARRAY<STRUCT<element STRUCT<dEnd INT64, dStart INT64, section STRING, tEnd INT64, tStart INT64, text STRING>>>>'
 'STRING' 'STRING' 'FLOAT64' 'STRING' 'STRING']","['STRING'
 'STRUCT<list ARRAY<STRUCT<element STRUCT<efo_code STRING, label STRING, organs STRUCT<list ARRAY<STRUCT<element STRING>>>, anatomical_systems STRUCT<list ARRAY<STRUCT<element STRING>>>, rna STRUCT<value FLOAT64, zscore INT64, level INT64, unit STRING>, protein STRUCT<reliability BOOL, level INT64, cell_type STRUCT<list ARRAY<STRUCT<element STRUCT<name STRING, reliability BOOL, level INT64>>>>>>>>>']","['STRING'
 'STRUCT<list ARRAY<STRUCT<element STRUCT<bodyPartId STRING, bodyPartLevel STRING, bodyPartName STRING, tpm FLOAT64>>>>'
 'STRUCT<adatissScores STRUCT<list ARRAY<STRUCT<element STRUCT<adatissScore FLOAT64, bodyPartId STRING, bodyPartLevel STRING, bodyPartName STRING>>>>, gini FLOAT64, hpaDistribution STRING, hpaSpecificity STRING>']",['STRING' 'STRING'],"['STRUCT<list ARRAY<STRUCT<element STRING>>>' 'STRING' 'STRING' 'STRING'
 'STRUCT<list ARRAY<STRUCT<element STRING>>>'
 'STRUCT<list ARRAY<STRUCT<element STRING>>>'
 'STRUCT<list ARRAY<STRUCT<element STRING>>>']","['STRING'
 'STRUCT<list ARRAY<STRUCT<element STRUCT<disease STRING, efoName STRING, references STRUCT<list ARRAY<STRUCT<element STRUCT<source STRING, ids STRUCT<list ARRAY<STRUCT<element STRING>>>>>>>, maxPhaseForIndication FLOAT64>>>>'
 'STRUCT<list ARRAY<STRUCT<element STRING>>>' 'INT64']","['STRING' 'STRING' 'STRING' 'STRING' 'STRING' 'STRING' 'STRING'
 'STRUCT<mnemonic STRING, scientific_name STRING, taxon_id INT64>'
 'STRUCT<mnemonic STRING, scientific_name STRING, taxon_id INT64>' 'INT64'
 'FLOAT64']","['STRUCT<fullName STRING, shortName STRING, xrefs STRUCT<list ARRAY<STRUCT<element STRING>>>>'
 'STRING' 'FLOAT64' 'STRING'
 'STRUCT<databaseVersion STRING, sourceDatabase STRING>' 'STRING' 'STRING'
 'STRING' 'STRING'
 'STRUCT<mnemonic STRING, scientificName STRING, taxonId INT64>' 'STRING'
 'INT64'
 'STRUCT<list ARRAY<STRUCT<element STRUCT<miIdentifier STRING, shortName STRING>>>>'
 'STRING' 'STRUCT<mnemonic STRING, scientificName STRING, taxonId INT64>'
 'STRING' 'STRING' 'STRING' 'STRING' 'STRING' 'FLOAT64' 'STRING' 'STRING'
 'STRING'
 'STRUCT<list ARRAY<STRUCT<element STRUCT<miIdentifier STRING, shortName STRING>>>>'
 'STRING']","['STRING' 'INT64' 'STRING' 'STRING' 'FLOAT64'
 'STRUCT<list ARRAY<STRUCT<element STRUCT<miIdentifier STRING, shortName STRING>>>>'
 'STRING' 'STRUCT<databaseVersion STRING, sourceDatabase STRING>' 'STRING'
 'STRING' 'STRING' 'STRING' 'STRING'
 'STRUCT<mnemonic STRING, scientificName STRING, taxonId INT64>' 'STRING'
 'STRUCT<mnemonic STRING, scientificName STRING, taxonId INT64>' 'STRING'
 'STRUCT<fullName STRING, shortName STRING, xrefs STRUCT<list ARRAY<STRUCT<element STRING>>>>'
 'STRING' 'STRING' 'STRING'
 'STRUCT<list ARRAY<STRUCT<element STRUCT<miIdentifier STRING, shortName STRING>>>>'
 'FLOAT64' 'STRING' 'STRING' 'STRING']","['STRING' 'STRING' 'STRING' 'FLOAT64' 'STRING'
 'STRUCT<list ARRAY<STRUCT<element STRUCT<niceName STRING, url STRING>>>>'
 'STRUCT<list ARRAY<STRUCT<element STRING>>>' 'STRING' 'STRING' 'STRING'
 'STRUCT<list ARRAY<STRUCT<element STRING>>>' 'STRING'
 'STRUCT<list ARRAY<STRUCT<element STRING>>>'
 'STRUCT<list ARRAY<STRUCT<element STRING>>>' 'STRING' 'STRING' 'STRING']","['STRING' 'STRING' 'STRING' 'FLOAT64' 'STRING'
 'STRUCT<list ARRAY<STRUCT<element STRUCT<niceName STRING, url STRING>>>>'
 'STRUCT<list ARRAY<STRUCT<element STRING>>>' 'STRING' 'STRING' 'STRING'
 'STRUCT<list ARRAY<STRUCT<element STRING>>>' 'STRING'
 'STRUCT<list ARRAY<STRUCT<element STRING>>>'
 'STRUCT<list ARRAY<STRUCT<element STRING>>>' 'STRING' 'STRING' 'STRING']","['STRING' 'STRING' 'FLOAT64'
 'STRUCT<list ARRAY<STRUCT<element STRUCT<name STRING, value FLOAT64, shapValue FLOAT64>>>>'
 'FLOAT64']","['STRING' 'STRING' 'DATE' 'INT64' 'INT64' 'INT64' 'STRING' 'FLOAT64'
 'STRING']",['STRING' 'STRING' 'FLOAT64' 'STRUCT<list ARRAY<STRUCT<element FLOAT64>>>'],"['STRING' 'STRING' 'STRUCT<list ARRAY<STRUCT<element STRING>>>' 'STRING'
 'STRING' 'STRUCT<list ARRAY<STRUCT<element STRING>>>'
 'STRUCT<list ARRAY<STRUCT<element STRUCT<source STRING, ids STRUCT<list ARRAY<STRUCT<element STRING>>>, urls STRUCT<list ARRAY<STRUCT<element STRING>>>>>>>']","['STRING' 'STRING' 'STRING' 'STRING' 'BOOL' 'STRING' 'INT64' 'FLOAT64'
 'STRING' 'BOOL' 'BOOL' 'STRUCT<list ARRAY<STRUCT<element STRING>>>'
 'STRUCT<list ARRAY<STRUCT<element STRING>>>'
 'STRUCT<key_value ARRAY<STRUCT<key STRING, value STRUCT<list ARRAY<STRUCT<element STRING>>>>>>'
 'STRUCT<list ARRAY<STRUCT<element STRING>>>'
 'STRUCT<`rows` STRUCT<list ARRAY<STRUCT<element STRING>>>, count INT64>'
 'STRUCT<`rows` STRUCT<list ARRAY<STRUCT<element STRING>>>, count INT64>'
 'STRING']","['STRUCT<list ARRAY<STRUCT<element STRUCT<allelicComposition STRING, geneticBackground STRING, id STRING, literature STRUCT<list ARRAY<STRUCT<element STRING>>>>>>>'
 'STRUCT<list ARRAY<STRUCT<element STRUCT<id STRING, label STRING>>>>'
 'STRING' 'STRING' 'STRING' 'STRING' 'STRING' 'STRING']","['STRUCT<list ARRAY<STRUCT<element STRUCT<allelicComposition STRING, geneticBackground STRING, id STRING, literature STRUCT<list ARRAY<STRUCT<element STRING>>>>>>>'
 'STRUCT<list ARRAY<STRUCT<element STRUCT<id STRING, label STRING>>>>'
 'STRING' 'STRING' 'STRING' 'STRING' 'STRING' 'STRING']",['STRING' 'STRING' 'INT64' 'FLOAT64' 'FLOAT64' 'STRING'],['STRING' 'STRING' 'INT64' 'FLOAT64' 'FLOAT64' 'STRING'],['STRING'],"['STRING' 'STRING' 'STRING' 'STRING' 'STRING' 'STRING' 'STRING' 'STRING'
 'STRING' 'STRING' 'STRUCT<list ARRAY<STRUCT<element STRING>>>' 'STRING'
 'STRING' 'STRING' 'STRING' 'STRING' 'STRING' 'STRING' 'STRING' 'BOOL'
 'STRUCT<list ARRAY<STRUCT<element STRUCT<drugFromSource STRING, drugId STRING>>>>']","['STRING' 'STRING' 'STRUCT<list ARRAY<STRUCT<element STRING>>>'
 'STRUCT<list ARRAY<STRUCT<element STRING>>>'
 'STRUCT<list ARRAY<STRUCT<element STRING>>>'
 'STRUCT<list ARRAY<STRUCT<element STRING>>>'
 'STRUCT<list ARRAY<STRUCT<element STRUCT<list ARRAY<STRUCT<element STRING>>>>>>']",['STRING' 'STRING' 'INT64' 'FLOAT64' 'FLOAT64' 'STRING'],['STRING' 'STRING'],"['STRING' 'STRING' 'STRING' 'STRING' 'STRING'
 'STRUCT<list ARRAY<STRUCT<element STRING>>>' 'STRING' 'STRING' 'STRING'
 'STRING' 'STRING' 'STRING' 'STRUCT<list ARRAY<STRUCT<element STRING>>>'
 'STRING' 'INT64' 'INT64' 'INT64'
 'STRUCT<list ARRAY<STRUCT<element STRING>>>'
 'STRUCT<list ARRAY<STRUCT<element STRUCT<ldPopulation STRING, relativeSampleSize FLOAT64>>>>'
 'STRUCT<list ARRAY<STRUCT<element STRUCT<sampleSize INT64, ancestry STRING>>>>'
 'STRUCT<list ARRAY<STRUCT<element STRUCT<sampleSize INT64, ancestry STRING>>>>'
 'STRUCT<list ARRAY<STRUCT<element STRING>>>'
 'STRUCT<list ARRAY<STRUCT<element STRING>>>' 'STRING' 'BOOL' 'STRING'
 'STRUCT<key_value ARRAY<STRUCT<key STRING, value FLOAT64>>>'
 'STRUCT<list ARRAY<STRUCT<element STRING>>>'
 'STRUCT<list ARRAY<STRUCT<element STRING>>>' 'STRING']","['STRING' 'STRING' 'STRING' 'STRUCT<list ARRAY<STRUCT<element STRING>>>'
 'STRUCT<id STRING, chromosome STRING, start INT64, `end` INT64, strand STRING>'
 'STRUCT<list ARRAY<STRUCT<element STRING>>>'
 'STRUCT<chromosome STRING, start INT64, `end` INT64, strand INT64>'
 'STRUCT<list ARRAY<STRUCT<element STRING>>>' 'STRING'
 'STRUCT<list ARRAY<STRUCT<element STRUCT<id STRING, source STRING, evidence STRING, aspect STRING, geneProduct STRING, ecoId STRING>>>>'
 'STRUCT<attributes STRUCT<list ARRAY<STRUCT<element STRUCT<pmid INT64, description STRING, attribute_name STRING>>>>, cancerHallmarks STRUCT<list ARRAY<STRUCT<element STRUCT<pmid INT64, description STRING, impact STRING, label STRING>>>>>'
 'STRUCT<list ARRAY<STRUCT<element STRUCT<label STRING, source STRING>>>>'
 'STRUCT<list ARRAY<STRUCT<element STRUCT<label STRING, source STRING>>>>'
 'STRUCT<list ARRAY<STRUCT<element STRUCT<label STRING, source STRING>>>>'
 'STRUCT<list ARRAY<STRUCT<element STRING>>>'
 'STRUCT<list ARRAY<STRUCT<element STRUCT<location STRING, source STRING, termSL STRING, labelSL STRING>>>>'
 'STRUCT<list ARRAY<STRUCT<element STRUCT<id INT64, label STRING, level STRING>>>>'
 'STRUCT<list ARRAY<STRUCT<element STRUCT<label STRING, source STRING>>>>'
 'STRUCT<list ARRAY<STRUCT<element STRUCT<label STRING, source STRING>>>>'
 'STRUCT<list ARRAY<STRUCT<element STRUCT<constraintType STRING, score FLOAT64, exp FLOAT64, obs INT64, oe FLOAT64, oeLower FLOAT64, oeUpper FLOAT64, upperRank INT64, upperBin INT64, upperBin6 INT64>>>>'
 'STRUCT<targetFromSourceId STRING, description STRING, therapeuticArea STRING, url STRING>'
 'STRUCT<list ARRAY<STRUCT<element STRUCT<id STRING, source STRING>>>>'
 'STRUCT<list ARRAY<STRUCT<element STRUCT<id STRING, source STRING>>>>'
 'STRUCT<list ARRAY<STRUCT<element STRUCT<control STRING, drugId STRING, id STRING, isHighQuality BOOL, mechanismOfAction STRUCT<list ARRAY<STRUCT<element STRING>>>, origin STRUCT<list ARRAY<STRUCT<element STRING>>>, probeMinerScore INT64, probesDrugsScore INT64, scoreInCells INT64, scoreInOrganisms INT64, targetFromSourceId STRING, urls STRUCT<list ARRAY<STRUCT<element STRUCT<niceName STRING, url STRING>>>>>>>>'
 'STRUCT<list ARRAY<STRUCT<element STRUCT<speciesId STRING, speciesName STRING, homologyType STRING, targetGeneId STRING, isHighConfidence STRING, targetGeneSymbol STRING, queryPercentageIdentity FLOAT64, targetPercentageIdentity FLOAT64, priority INT64>>>>'
 'STRUCT<list ARRAY<STRUCT<element STRUCT<modality STRING, id STRING, value BOOL>>>>'
 'STRUCT<list ARRAY<STRUCT<element STRUCT<event STRING, eventId STRING, effects STRUCT<list ARRAY<STRUCT<element STRUCT<direction STRING, dosing STRING>>>>, biosamples STRUCT<list ARRAY<STRUCT<element STRUCT<cellFormat STRING, cellLabel STRING, tissueId STRING, tissueLabel STRING>>>>, datasource STRING, literature STRING, url STRING, studies STRUCT<list ARRAY<STRUCT<element STRUCT<description STRING, name STRING, type STRING>>>>>>>>'
 'STRUCT<list ARRAY<STRUCT<element STRUCT<pathwayId STRING, pathway STRING, topLevelTerm STRING>>>>'
 'INT64']","['STRING'
 'STRUCT<list ARRAY<STRUCT<element STRUCT<depMapEssentiality STRUCT<list ARRAY<STRUCT<element STRUCT<screens STRUCT<list ARRAY<STRUCT<element STRUCT<cellLineName STRING, depmapId STRING, diseaseCellLineId STRING, diseaseFromSource STRING, expression FLOAT64, geneEffect FLOAT64, mutation STRING>>>>, tissueId STRING, tissueName STRING>>>>, isEssential BOOL>>>>']","['STRING' 'INT64' 'INT64' 'INT64' 'INT64' 'INT64' 'INT64' 'FLOAT64'
 'FLOAT64' 'FLOAT64' 'INT64' 'INT64' 'FLOAT64' 'INT64' 'FLOAT64' 'FLOAT64'
 'FLOAT64']","['STRING'
 'STRUCT<list ARRAY<STRUCT<element STRUCT<depMapEssentiality STRUCT<list ARRAY<STRUCT<element STRUCT<screens STRUCT<list ARRAY<STRUCT<element STRUCT<cellLineName STRING, depmapId STRING, diseaseCellLineId STRING, diseaseFromSource STRING, expression FLOAT64, geneEffect FLOAT64, mutation STRING>>>>, tissueId STRING, tissueName STRING>>>>, isEssential BOOL>>>>']","['STRING' 'INT64' 'INT64' 'INT64' 'INT64' 'INT64' 'INT64' 'FLOAT64'
 'FLOAT64' 'FLOAT64' 'INT64' 'INT64' 'FLOAT64' 'INT64' 'FLOAT64' 'FLOAT64'
 'FLOAT64']","['STRING' 'STRING' 'STRING' 'STRUCT<list ARRAY<STRUCT<element STRING>>>'
 'STRUCT<id STRING, chromosome STRING, start INT64, `end` INT64, strand STRING>'
 'STRUCT<list ARRAY<STRUCT<element STRING>>>'
 'STRUCT<chromosome STRING, start INT64, `end` INT64, strand INT64>'
 'STRUCT<list ARRAY<STRUCT<element STRING>>>' 'STRING'
 'STRUCT<list ARRAY<STRUCT<element STRUCT<id STRING, source STRING, evidence STRING, aspect STRING, geneProduct STRING, ecoId STRING>>>>'
 'STRUCT<attributes STRUCT<list ARRAY<STRUCT<element STRUCT<pmid INT64, description STRING, attribute_name STRING>>>>, cancerHallmarks STRUCT<list ARRAY<STRUCT<element STRUCT<pmid INT64, description STRING, impact STRING, label STRING>>>>>'
 'STRUCT<list ARRAY<STRUCT<element STRUCT<label STRING, source STRING>>>>'
 'STRUCT<list ARRAY<STRUCT<element STRUCT<label STRING, source STRING>>>>'
 'STRUCT<list ARRAY<STRUCT<element STRUCT<label STRING, source STRING>>>>'
 'STRUCT<list ARRAY<STRUCT<element STRING>>>'
 'STRUCT<list ARRAY<STRUCT<element STRUCT<location STRING, source STRING, termSL STRING, labelSL STRING>>>>'
 'STRUCT<list ARRAY<STRUCT<element STRUCT<id INT64, label STRING, level STRING>>>>'
 'STRUCT<list ARRAY<STRUCT<element STRUCT<label STRING, source STRING>>>>'
 'STRUCT<list ARRAY<STRUCT<element STRUCT<label STRING, source STRING>>>>'
 'STRUCT<list ARRAY<STRUCT<element STRUCT<constraintType STRING, score FLOAT64, exp FLOAT64, obs INT64, oe FLOAT64, oeLower FLOAT64, oeUpper FLOAT64, upperRank INT64, upperBin INT64, upperBin6 INT64>>>>'
 'STRUCT<targetFromSourceId STRING, description STRING, therapeuticArea STRING, url STRING>'
 'STRUCT<list ARRAY<STRUCT<element STRUCT<id STRING, source STRING>>>>'
 'STRUCT<list ARRAY<STRUCT<element STRUCT<id STRING, source STRING>>>>'
 'STRUCT<list ARRAY<STRUCT<element STRUCT<control STRING, drugId STRING, id STRING, isHighQuality BOOL, mechanismOfAction STRUCT<list ARRAY<STRUCT<element STRING>>>, origin STRUCT<list ARRAY<STRUCT<element STRING>>>, probeMinerScore INT64, probesDrugsScore INT64, scoreInCells INT64, scoreInOrganisms INT64, targetFromSourceId STRING, urls STRUCT<list ARRAY<STRUCT<element STRUCT<niceName STRING, url STRING>>>>>>>>'
 'STRUCT<list ARRAY<STRUCT<element STRUCT<speciesId STRING, speciesName STRING, homologyType STRING, targetGeneId STRING, isHighConfidence STRING, targetGeneSymbol STRING, queryPercentageIdentity FLOAT64, targetPercentageIdentity FLOAT64, priority INT64>>>>'
 'STRUCT<list ARRAY<STRUCT<element STRUCT<modality STRING, id STRING, value BOOL>>>>'
 'STRUCT<list ARRAY<STRUCT<element STRUCT<event STRING, eventId STRING, effects STRUCT<list ARRAY<STRUCT<element STRUCT<direction STRING, dosing STRING>>>>, biosamples STRUCT<list ARRAY<STRUCT<element STRUCT<cellFormat STRING, cellLabel STRING, tissueId STRING, tissueLabel STRING>>>>, datasource STRING, literature STRING, url STRING, studies STRUCT<list ARRAY<STRUCT<element STRUCT<description STRING, name STRING, type STRING>>>>>>>>'
 'STRUCT<list ARRAY<STRUCT<element STRUCT<pathwayId STRING, pathway STRING, topLevelTerm STRING>>>>']","['STRING' 'INT64' 'INT64' 'INT64' 'INT64' 'INT64' 'FLOAT64' 'FLOAT64'
 'FLOAT64' 'INT64' 'INT64' 'INT64' 'INT64' 'FLOAT64' 'FLOAT64' 'FLOAT64']","['STRING' 'STRING' 'INT64' 'STRING' 'STRING'
 'STRUCT<list ARRAY<STRUCT<element STRUCT<method STRING, assessment STRING, score FLOAT64, assessmentFlag STRING, targetId STRING, normalisedScore FLOAT64>>>>'
 'STRING'
 'STRUCT<list ARRAY<STRUCT<element STRUCT<variantFunctionalConsequenceIds STRUCT<list ARRAY<STRUCT<element STRING>>>, aminoAcidChange STRING, uniprotAccessions STRUCT<list ARRAY<STRUCT<element STRING>>>, isEnsemblCanonical BOOL, codons STRING, distanceFromFootprint INT64, distanceFromTss INT64, appris STRING, maneSelect STRING, targetId STRING, impact STRING, lofteePrediction STRING, siftPrediction FLOAT64, polyphenPrediction FLOAT64, consequenceScore FLOAT64, transcriptIndex INT64, approvedSymbol STRING, biotype STRING, transcriptId STRING>>>>'
 'STRUCT<list ARRAY<STRUCT<element STRING>>>' 'STRING'
 'STRUCT<list ARRAY<STRUCT<element STRUCT<populationName STRING, alleleFrequency FLOAT64>>>>'
 'STRUCT<list ARRAY<STRUCT<element STRUCT<id STRING, source STRING>>>>'
 'STRING']"
